Mode,EM,F1,Samples
baseline,0.16666666666666666,0.20536195755351494,150
