Mode,EM,F1,Samples
agentic,0.37333333333333335,0.457031746031746,150
