system,EM,F1,BERTScore_P,BERTScore_R,BERTScore_F1,RAGAS_Faithfulness,RAGAS_AnswerRelevancy
Baseline RAG,0.2727272727272727,0.31168831168831174,0.8885756134986877,0.8773727416992188,0.8827974200248718,0.09090909090909091,0.3152140810077046
Enhanced RAG,0.36363636363636365,0.49134199134199136,0.903273344039917,0.888437807559967,0.8954780697822571,0.18181818181818182,0.27190773718913075
Agentic RAG,0.0,0.1904761904761905,0.8101466298103333,0.8054640889167786,0.8072249293327332,0.0,0.42033218922048926
